,age,workclass,education,gender,hours-per-week,occupation,income
0,39,State-gov,bachelors,Male,40,Adm-clerical,<=50K
1,50,Self-emp-not-inc,bachelors,Male,13,Exec-managerial,<=50K
2,38,Private,HS-grad,Male,40,Handlers-cleaners,<=50K
3,53,Private,11th,Male,40,Handlers-cleaners,<=50K
4,28,Private,bachelors,Female,40,Prof-speciality,<=50K
5,37,Private,masters,Female,40,Exec-managerial,<=50K
6,49,Private,9th,Female,16,Other-service,<=50K
7,52,Self-emp-not-inc,HS-grad,Male,45,Exec-managerial,>50K
8,31,Private,masters,Female,50,Prof-speciality,>50K
9,42,Private,bachelors,Male,40,Exec-managerial,>50K
10,37,Private,Some-college,Male,80,Exec-managerial,>50K
